,Sparsity,Train loss,Test loss,Train accuracy,Test accuracy
Experiment 1,0.3872611464968153,3.332805810746695,3.3279127240835633,0.9514762826718296,0.9496611810261375
