,Sparsity,Train loss,Test loss,Train accuracy,Test accuracy
Experiment 1,0.0,3.370994808467133,3.367631264503531,0.954380445304937,0.9540174249757987
