,Sparsity,Train loss,Test loss,Train accuracy,Test accuracy
Experiment 1,0.8840764331210191,0.9757891369336613,0.9592737189099254,0.9467570183930301,0.9535333978702807
