,Sparsity,Train loss,Test loss,Train accuracy,Test accuracy
Experiment 1,0.8968152866242038,1.1469707698264955,1.141633103918918,0.90425,0.906
