,Sparsity,Train loss,Test loss,Train accuracy,Test accuracy
Experiment 1,0.0,3.5079373659669457,3.4893753810752015,0.9115833333333333,0.919
