,Sparsity,Train loss,Test loss,Train accuracy,Test accuracy
Experiment 1,0.3490445859872611,3.469274685186998,3.4501989684140963,0.9105833333333333,0.918
